id;pseudo;mot_de_passe;date_inscription;est_administrateur
1;pish;concerning thyme;2024-11-25T01:42:00;false
2;generally;following forage at;2024-11-24T14:21:29;false
3;underneath;questioningly;2024-11-24T16:36:25;false
4;inasmuch discourse heighten;ugh provided biodegradable;2024-11-25T00:46:50;false
5;smuggle;pish times;2024-11-25T11:41:18;false
6;oof grandpa;boo acceptable faithfully;2024-11-24T16:00:08;false
7;highlight;log esteemed sport;2024-11-25T03:06:43;true
8;politely collaborate decisive;how swine;2024-11-25T12:26:01;false
9;that naughty;er ouch;2024-11-25T01:11:53;true
10;parched;once nicely;2024-11-25T10:12:43;true
